,Reason_1,Reason_2,Reason_3,Reason _4,Transportation Expense,Distance to Work,Age,Daily Work Load Average,Body Mass Index,Education,Children,Pets,Absenteeism Time in Hours,month_value,day_of_week
0,False,False,False,True,289,36,33,239.554,30,0,2,1,4,7,1
1,False,False,False,False,118,13,50,239.554,31,0,1,0,0,7,1
2,False,False,False,True,179,51,38,239.554,31,0,0,0,2,7,2
3,True,False,False,False,279,5,39,239.554,24,0,2,0,4,7,3
4,False,False,False,True,289,36,33,239.554,30,0,2,1,2,7,3
5,False,False,False,True,179,51,38,239.554,31,0,0,0,2,7,4
6,False,False,False,True,361,52,28,239.554,27,0,1,4,8,7,4
7,False,False,False,True,260,50,36,239.554,23,0,4,0,4,7,4
8,False,False,True,False,155,12,34,239.554,25,0,2,0,40,7,0
9,False,False,False,True,235,11,37,239.554,29,1,1,1,8,7,0
10,True,False,False,False,260,50,36,239.554,23,0,4,0,8,7,0
11,True,False,False,False,260,50,36,239.554,23,0,4,0,8,7,1
12,True,False,False,False,260,50,36,239.554,23,0,4,0,8,7,2
13,True,False,False,False,179,51,38,239.554,31,0,0,0,1,7,2
14,False,False,False,True,179,51,38,239.554,31,0,0,0,4,7,2
15,True,False,False,False,246,25,41,239.554,23,0,0,0,8,7,4
16,False,False,False,True,179,51,38,239.554,31,0,0,0,2,7,4
17,False,False,True,False,179,51,38,239.554,31,0,0,0,8,7,0
18,True,False,False,False,189,29,33,239.554,25,0,2,2,8,7,3
19,False,False,False,True,248,25,47,205.917,32,0,2,1,2,8,2
20,True,False,False,False,330,16,28,205.917,25,1,0,0,8,8,2
21,True,False,False,False,179,51,38,205.917,31,0,0,0,1,8,0
22,True,False,False,False,361,52,28,205.917,27,0,1,4,40,8,0
23,False,False,False,True,260,50,36,205.917,23,0,4,0,4,8,4
24,False,False,True,False,289,36,33,205.917,30,0,2,1,8,8,0
25,False,False,False,True,361,52,28,205.917,27,0,1,4,7,8,0
26,False,False,False,True,289,36,33,205.917,30,0,2,1,1,8,1
27,False,False,False,True,157,27,29,205.917,22,0,0,0,4,8,2
28,False,False,True,False,289,36,33,205.917,30,0,2,1,8,8,2
29,False,False,False,True,179,51,38,205.917,31,0,0,0,2,8,4
30,False,False,True,False,179,51,38,205.917,31,0,0,0,8,8,0
31,False,False,True,False,235,29,48,205.917,33,0,1,5,8,8,3
32,False,False,False,True,235,11,37,205.917,29,1,1,1,4,8,3
33,False,False,True,False,235,29,48,205.917,33,0,1,5,8,8,0
34,False,False,False,True,179,51,38,205.917,31,0,0,0,2,8,0
35,False,False,False,True,361,52,28,205.917,27,0,1,4,1,8,0
36,False,False,False,True,289,36,33,205.917,30,0,2,1,8,8,1
37,True,False,False,False,291,50,32,205.917,23,0,0,0,4,8,3
38,False,False,False,True,235,29,48,205.917,33,0,1,5,8,8,4
39,False,False,False,True,260,50,36,205.917,23,0,4,0,4,8,4
40,False,False,False,True,184,42,27,241.476,21,0,0,0,2,9,1
41,False,False,False,True,118,10,37,241.476,28,0,0,0,4,9,0
42,False,False,False,True,179,51,38,241.476,31,0,0,0,4,9,1
43,False,False,True,False,235,20,43,241.476,38,0,1,0,8,9,1
44,False,False,False,True,155,12,34,241.476,25,0,2,0,2,9,2
45,False,False,False,True,118,10,37,241.476,28,0,0,0,3,9,6
46,False,False,False,True,179,51,38,241.476,31,0,0,0,3,9,0
47,False,False,False,True,291,31,40,241.476,25,0,1,1,4,9,3
48,False,False,False,True,260,50,36,241.476,23,0,4,0,8,9,4
49,True,False,False,False,291,31,40,241.476,25,0,1,1,32,9,0
50,False,False,False,False,260,50,36,241.476,23,0,4,0,0,9,0
51,False,False,False,False,225,26,28,241.476,24,0,1,2,0,9,0
52,False,False,False,True,225,26,28,241.476,24,0,1,2,2,9,1
53,False,False,False,True,118,10,37,241.476,28,0,0,0,2,9,1
54,False,False,False,False,289,36,33,241.476,30,0,2,1,0,9,1
55,False,False,False,False,118,13,50,241.476,31,0,1,0,0,9,1
56,False,False,True,False,225,26,28,241.476,24,0,1,2,3,9,2
57,False,False,False,True,179,51,38,241.476,31,0,0,0,3,9,2
58,False,False,False,False,369,17,31,241.476,25,0,3,0,0,9,2
59,False,False,False,True,248,25,47,241.476,32,0,2,1,1,9,4
60,False,False,False,True,179,51,38,241.476,31,0,0,0,3,9,4
61,False,False,False,True,260,50,36,241.476,23,0,4,0,4,9,4
62,False,False,False,True,179,51,38,253.465,31,0,0,0,3,10,1
63,False,False,False,True,118,10,37,253.465,28,0,0,0,3,10,1
64,False,False,False,False,118,13,50,253.465,31,0,1,0,0,10,2
65,False,False,False,True,179,26,30,253.465,19,1,0,0,1,10,3
66,False,False,False,True,179,51,38,253.465,31,0,0,0,3,10,4
67,False,False,False,True,225,26,28,253.465,24,0,1,2,3,10,4
68,False,False,False,True,118,10,37,253.465,28,0,0,0,3,10,1
69,False,False,False,True,225,26,28,253.465,24,0,1,2,2,10,2
70,False,False,False,True,248,25,47,253.465,32,0,2,1,2,10,2
71,False,False,False,True,291,31,40,253.465,25,0,1,1,5,10,3
72,False,False,False,True,179,51,38,253.465,31,0,0,0,8,10,2
73,False,False,False,True,225,26,28,253.465,24,0,1,2,3,10,2
74,False,False,True,False,260,50,36,253.465,23,0,4,0,16,10,3
75,True,False,False,False,291,31,40,253.465,25,0,1,1,8,10,1
76,False,False,False,True,225,26,28,253.465,24,0,1,2,2,10,1
77,False,False,False,True,289,36,33,253.465,30,0,2,1,8,10,2
78,False,False,False,True,361,52,28,253.465,27,0,1,4,1,10,4
79,False,False,False,True,260,50,36,253.465,23,0,4,0,3,10,4
80,False,False,False,True,179,51,38,306.345,31,0,0,0,1,11,3
81,False,False,False,True,225,26,28,306.345,24,0,1,2,1,11,2
82,True,False,False,False,179,51,38,306.345,31,0,0,0,8,11,3
83,False,False,True,False,179,22,40,306.345,22,1,2,0,8,11,3
84,False,False,False,True,291,31,40,306.345,25,0,1,1,5,11,3
85,True,False,False,False,155,12,34,306.345,25,0,2,0,32,11,0
86,False,False,False,True,189,29,33,306.345,25,0,2,2,8,11,0
87,True,False,False,False,291,31,40,306.345,25,0,1,1,40,11,0
88,False,False,False,True,225,26,28,306.345,24,0,1,2,1,11,2
89,True,False,False,False,155,12,34,306.345,25,0,2,0,8,11,4
90,False,False,False,True,225,26,28,306.345,24,0,1,2,3,11,2
91,False,False,True,False,179,22,40,306.345,22,1,2,0,8,11,2
92,True,False,False,False,225,26,28,306.345,24,0,1,2,3,11,4
93,False,False,False,True,260,50,36,306.345,23,0,4,0,4,11,4
94,False,False,False,True,248,25,47,306.345,32,0,2,1,1,11,0
95,False,False,False,True,225,26,28,306.345,24,0,1,2,3,11,1
96,True,False,False,False,289,36,33,306.345,30,0,2,1,24,11,2
97,False,False,False,True,291,31,40,306.345,25,0,1,1,3,11,3
98,False,False,False,True,248,25,47,261.306,32,0,2,1,1,12,1
99,False,False,True,False,118,10,37,261.306,28,0,0,0,64,12,1
100,False,False,False,True,118,13,50,261.306,31,0,1,0,2,12,2
101,False,False,False,True,235,11,37,261.306,29,1,1,1,8,12,2
102,False,False,False,True,225,26,28,261.306,24,0,1,2,2,12,3
103,False,False,False,True,260,50,36,261.306,23,0,4,0,8,12,4
104,False,False,True,False,118,10,37,261.306,28,0,0,0,56,12,1
105,False,False,False,True,361,52,28,261.306,27,0,1,4,8,12,2
106,False,False,False,True,225,26,28,261.306,24,0,1,2,3,12,3
107,False,False,False,True,260,50,36,261.306,23,0,4,0,3,12,4
108,False,False,False,True,225,26,28,261.306,24,0,1,2,2,12,1
109,False,False,False,True,361,52,28,261.306,27,0,1,4,8,12,2
110,False,False,False,True,118,10,37,261.306,28,0,0,0,2,12,4
111,False,False,True,False,246,25,41,261.306,23,0,0,0,8,12,4
112,False,False,False,True,225,26,28,261.306,24,0,1,2,2,12,4
113,False,False,False,True,225,26,28,308.593,24,0,1,2,1,1,2
114,False,False,True,False,118,10,37,308.593,28,0,0,0,1,1,0
115,False,False,False,True,118,10,37,308.593,28,0,0,0,1,1,1
116,False,False,True,False,155,12,34,308.593,25,0,2,0,8,1,1
117,False,False,False,True,225,26,28,308.593,24,0,1,2,2,1,2
118,False,False,False,True,184,42,27,308.593,21,0,0,0,2,1,3
119,False,False,False,True,225,26,28,308.593,24,0,1,2,2,1,3
120,False,False,False,True,225,26,28,308.593,24,0,1,2,1,1,4
121,False,False,False,True,118,10,37,308.593,28,0,0,0,2,1,0
122,False,False,False,True,225,26,28,308.593,24,0,1,2,2,1,1
123,False,False,False,True,118,10,37,308.593,28,0,0,0,2,1,1
124,False,False,False,True,118,10,37,308.593,28,0,0,0,2,1,2
125,False,False,False,True,118,10,37,308.593,28,0,0,0,2,1,3
126,False,False,False,True,118,10,37,308.593,28,0,0,0,2,1,4
127,False,False,False,True,118,10,37,308.593,28,0,0,0,2,1,0
128,False,False,False,True,118,10,37,308.593,28,0,0,0,2,1,1
129,False,False,True,False,179,26,30,308.593,19,1,0,0,8,1,1
130,False,False,True,False,289,36,33,308.593,30,0,2,1,8,1,1
131,False,False,False,True,118,10,37,308.593,28,0,0,0,2,1,2
132,False,False,False,True,184,42,27,308.593,21,0,0,0,2,1,3
133,False,False,False,True,118,10,37,308.593,28,0,0,0,2,1,3
134,False,False,False,True,118,10,37,308.593,28,0,0,0,0,1,0
135,False,False,False,True,225,26,28,308.593,24,0,1,2,1,1,1
136,False,False,False,True,289,36,33,308.593,30,0,2,1,3,1,3
137,False,False,False,True,184,42,27,302.585,21,0,0,0,1,2,4
138,True,False,False,False,246,25,41,302.585,23,0,0,0,8,2,2
139,True,False,False,False,179,51,38,302.585,31,0,0,0,8,2,2
140,False,False,False,True,155,12,34,302.585,25,0,2,0,2,2,3
141,False,False,False,True,189,29,33,302.585,25,0,2,2,8,2,3
142,False,False,False,True,260,50,36,302.585,23,0,4,0,2,2,4
143,False,False,False,True,289,36,33,302.585,30,0,2,1,8,2,4
144,True,False,False,False,388,15,50,302.585,24,0,0,0,8,2,0
145,True,False,False,False,388,15,50,302.585,24,0,0,0,8,2,1
146,False,False,False,True,225,26,28,302.585,24,0,1,2,2,2,0
147,False,False,False,True,225,26,28,302.585,24,0,1,2,2,2,1
148,False,False,False,True,179,26,30,302.585,19,1,0,0,1,2,1
149,False,False,False,True,184,42,27,302.585,21,0,0,0,8,2,1
150,False,False,False,True,225,26,28,302.585,24,0,1,2,3,2,3
151,False,False,True,False,330,16,28,302.585,25,1,0,0,8,2,0
152,False,False,False,True,330,16,28,302.585,25,1,0,0,1,2,1
153,False,False,False,True,225,26,28,302.585,24,0,1,2,1,2,2
154,False,False,True,False,189,29,33,302.585,25,0,2,2,8,2,3
155,False,False,False,True,291,50,32,343.253,23,0,0,0,2,3,1
156,False,False,True,False,260,50,36,343.253,23,0,4,0,8,3,1
157,False,False,True,False,157,27,29,343.253,22,0,0,0,3,3,1
158,False,True,False,False,179,22,40,343.253,22,1,2,0,8,3,1
159,False,False,False,True,291,31,40,343.253,25,0,1,1,8,3,2
160,True,False,False,False,260,50,36,343.253,23,0,4,0,8,3,2
161,True,False,False,False,179,26,30,343.253,19,1,0,0,8,3,3
162,True,False,False,False,248,25,47,343.253,32,0,2,1,3,3,4
163,True,False,False,False,260,50,36,343.253,23,0,4,0,40,3,4
164,True,False,False,False,179,22,40,343.253,22,1,2,0,40,3,0
165,True,False,False,False,155,12,34,343.253,25,0,2,0,16,3,0
166,False,False,False,True,260,50,36,343.253,23,0,4,0,16,3,0
167,True,False,False,False,155,12,34,343.253,25,0,2,0,8,3,1
168,True,False,False,False,289,36,33,343.253,30,0,2,1,8,3,3
169,True,False,False,False,179,22,40,343.253,22,1,2,0,8,3,3
170,False,False,False,True,260,50,36,343.253,23,0,4,0,4,3,4
171,False,False,False,True,225,26,28,343.253,24,0,1,2,1,3,4
172,True,False,False,False,279,5,39,343.253,24,0,2,0,8,3,0
173,True,False,False,False,179,51,38,343.253,31,0,0,0,24,3,1
174,False,False,False,True,225,26,28,343.253,24,0,1,2,2,3,2
175,True,False,False,False,225,26,28,343.253,24,0,1,2,8,3,0
176,True,False,False,False,179,26,30,343.253,19,1,0,0,1,3,0
177,True,False,False,False,225,26,28,343.253,24,0,1,2,8,3,1
178,True,False,False,False,225,26,28,343.253,24,0,1,2,16,3,2
179,True,False,False,False,179,51,38,343.253,31,0,0,0,3,3,2
180,True,False,False,False,279,5,39,343.253,24,0,2,0,16,3,3
181,False,False,False,True,225,26,28,343.253,24,0,1,2,2,3,4
182,True,False,False,False,248,25,47,343.253,32,0,2,1,3,3,4
183,False,False,False,True,225,26,28,343.253,24,0,1,2,1,3,0
184,False,False,False,True,291,31,40,326.452,25,0,1,1,1,4,2
185,False,False,False,True,225,26,28,326.452,24,0,1,2,1,4,2
186,False,False,False,True,155,12,34,326.452,25,0,2,0,1,4,1
187,True,False,False,False,246,25,41,326.452,23,0,0,0,24,4,2
188,False,False,False,True,155,12,34,326.452,25,0,2,0,1,4,3
189,False,False,False,True,225,26,28,326.452,24,0,1,2,2,4,4
190,False,False,False,True,260,50,36,326.452,23,0,4,0,4,4,4
191,True,False,False,False,179,51,38,326.452,31,0,0,0,24,4,2
192,False,False,False,True,118,13,50,326.452,31,0,1,0,1,4,3
193,False,False,False,True,291,31,40,326.452,25,0,1,1,3,4,4
194,True,False,False,False,246,25,41,326.452,23,0,0,0,8,4,4
195,False,False,False,True,291,31,40,326.452,25,0,1,1,1,4,4
196,False,False,False,True,248,25,47,326.452,32,0,2,1,8,4,4
197,False,False,True,False,260,50,36,326.452,23,0,4,0,56,4,4
198,False,False,True,False,289,36,33,326.452,30,0,2,1,8,4,1
199,True,False,False,False,155,12,34,326.452,25,0,2,0,24,4,2
200,False,False,True,False,378,49,36,326.452,21,0,2,4,8,4,2
201,True,False,False,False,289,36,33,326.452,30,0,2,1,16,4,3
202,True,False,False,False,235,11,37,326.452,29,1,1,1,3,4,4
203,False,False,False,False,235,29,48,326.452,33,0,1,5,0,4,0
204,True,False,False,False,289,36,33,378.884,30,0,2,1,8,5,2
205,False,False,False,True,155,12,34,378.884,25,0,2,0,2,5,3
206,False,False,False,True,155,12,34,378.884,25,0,2,0,1,5,0
207,False,False,True,False,179,51,38,378.884,31,0,0,0,8,5,1
208,False,False,True,False,225,26,28,378.884,24,0,1,2,8,5,1
209,True,False,False,False,184,42,27,378.884,21,0,0,0,4,5,2
210,False,False,False,True,155,12,34,378.884,25,0,2,0,2,5,0
211,True,False,False,False,179,51,38,378.884,31,0,0,0,1,5,1
212,True,False,False,False,289,36,33,378.884,30,0,2,1,24,5,2
213,False,False,False,False,279,5,39,378.884,24,0,2,0,0,5,2
214,False,False,False,False,330,16,28,378.884,25,1,0,0,0,5,2
215,False,False,False,False,378,49,36,378.884,21,0,2,4,0,5,2
216,False,False,False,False,388,15,50,378.884,24,0,0,0,0,5,2
217,True,False,False,False,179,51,38,378.884,31,0,0,0,1,5,1
218,True,False,False,False,118,13,50,378.884,31,0,1,0,24,5,2
219,False,False,False,True,361,52,28,378.884,27,0,1,4,8,5,4
220,False,False,True,False,246,25,41,377.55,23,0,0,0,8,6,0
221,False,False,False,True,361,52,28,377.55,27,0,1,4,8,6,0
222,True,False,False,False,246,25,41,377.55,23,0,0,0,24,6,1
223,False,False,False,True,291,31,40,377.55,25,0,1,1,4,6,3
224,True,False,False,False,246,25,41,377.55,23,0,0,0,8,6,4
225,True,False,False,False,179,51,38,377.55,31,0,0,0,8,6,0
226,False,False,False,True,155,12,34,377.55,25,0,2,0,4,6,0
227,True,False,False,False,246,25,41,377.55,23,0,0,0,8,6,0
228,True,False,False,False,118,13,50,377.55,31,0,1,0,8,6,2
229,True,False,False,False,235,11,37,377.55,29,1,1,1,16,6,4
230,False,False,False,True,118,13,50,377.55,31,0,1,0,1,6,1
231,True,False,False,False,118,13,50,377.55,31,0,1,0,80,6,2
232,False,False,False,True,378,49,36,377.55,21,0,2,4,8,6,3
233,True,False,False,False,179,51,38,377.55,31,0,0,0,2,6,4
234,False,False,False,True,289,48,49,377.55,36,0,0,2,2,6,0
235,False,False,False,True,225,26,28,377.55,24,0,1,2,2,6,3
236,False,False,True,False,155,12,34,275.312,25,0,2,0,16,7,1
237,True,False,False,False,118,13,50,275.312,31,0,1,0,8,7,2
238,True,False,False,False,118,10,37,275.312,28,0,0,0,8,7,4
239,False,False,False,True,118,10,37,275.312,28,0,0,0,4,7,4
240,False,False,False,True,330,16,28,275.312,25,1,0,0,8,7,1
241,False,False,True,False,179,26,30,275.312,19,1,0,0,8,7,3
242,False,False,False,True,155,12,34,275.312,25,0,2,0,2,7,4
243,True,False,False,False,330,16,28,275.312,25,1,0,0,8,7,0
244,True,False,False,False,330,16,28,275.312,25,1,0,0,8,7,1
245,False,False,False,True,157,27,29,275.312,22,0,0,0,3,7,0
246,False,False,False,True,361,52,28,275.312,27,0,1,4,8,7,1
247,False,False,False,True,289,36,33,275.312,30,0,2,1,8,7,2
248,False,False,False,True,179,51,38,275.312,31,0,0,0,8,7,3
249,False,False,True,False,289,36,33,275.312,30,0,2,1,32,7,0
250,False,False,True,False,289,36,33,275.312,30,0,2,1,8,7,3
251,False,False,False,False,260,50,36,275.312,23,0,4,0,0,7,3
252,False,False,True,False,289,36,33,265.615,30,0,2,1,8,8,3
253,False,False,True,False,157,27,29,265.615,22,0,0,0,3,8,3
254,False,False,False,True,289,36,33,265.615,30,0,2,1,1,8,6
255,False,False,True,False,228,14,58,265.615,22,0,2,1,8,8,0
256,True,False,False,False,300,26,43,265.615,25,0,2,1,1,8,2
257,True,False,False,False,300,26,43,265.615,25,0,2,1,2,8,2
258,False,False,False,True,260,50,36,265.615,23,0,4,0,4,8,3
259,False,False,False,True,289,36,33,265.615,30,0,2,1,4,8,0
260,False,False,False,True,248,25,47,265.615,32,0,2,1,1,8,1
261,True,False,False,False,268,11,33,265.615,25,1,0,0,8,8,2
262,False,False,False,True,179,26,30,265.615,19,1,0,0,1,8,2
263,True,False,False,False,118,13,50,265.615,31,0,1,0,3,8,2
264,False,False,False,True,248,25,47,265.615,32,0,2,1,2,8,6
265,False,False,False,True,235,11,37,265.615,29,1,1,1,1,8,0
266,False,False,False,True,118,13,50,265.615,31,0,1,0,1,8,2
267,False,False,True,False,235,11,37,265.615,29,1,1,1,8,8,2
268,True,False,False,False,361,52,28,265.615,27,0,1,4,8,8,0
269,True,False,False,False,184,42,27,265.615,21,0,0,0,8,8,1
270,True,False,False,False,179,51,38,294.217,31,0,0,0,8,9,0
271,False,False,False,True,179,51,38,294.217,31,0,0,0,3,9,4
272,False,False,True,False,289,36,33,294.217,30,0,2,1,24,9,2
273,False,False,False,False,235,20,43,294.217,38,0,1,0,0,9,3
274,True,False,False,False,246,25,41,294.217,23,0,0,0,16,9,0
275,False,False,False,True,291,31,40,294.217,25,0,1,1,3,9,1
276,False,False,False,False,231,35,39,294.217,35,0,2,2,0,9,1
277,False,False,False,False,291,50,32,294.217,23,0,0,0,0,9,1
278,True,False,False,False,179,51,38,294.217,31,0,0,0,8,9,2
279,True,False,False,False,246,25,41,294.217,23,0,0,0,32,9,2
280,False,False,False,True,179,51,38,294.217,31,0,0,0,1,9,3
281,False,False,False,True,291,31,40,294.217,25,0,1,1,4,9,4
282,False,False,False,True,260,50,36,294.217,23,0,4,0,4,9,4
283,False,False,False,True,235,20,43,294.217,38,0,1,0,8,9,2
284,False,False,False,True,118,13,50,294.217,31,0,1,0,1,9,3
285,False,False,False,False,235,20,43,294.217,38,0,1,0,0,9,3
286,False,False,False,True,291,31,40,294.217,25,0,1,1,3,9,4
287,True,False,False,False,291,31,40,294.217,25,0,1,1,40,9,0
288,True,False,False,False,179,51,38,294.217,31,0,0,0,8,9,0
289,False,False,False,True,289,36,33,265.017,30,0,2,1,8,10,2
290,False,False,False,True,235,11,37,265.017,29,1,1,1,4,10,2
291,False,False,False,True,289,36,33,265.017,30,0,2,1,8,10,2
292,False,False,False,True,289,36,33,265.017,30,0,2,1,8,10,3
293,False,False,False,False,118,13,50,265.017,31,0,1,0,0,10,3
294,False,False,False,False,248,25,47,265.017,32,0,2,1,0,10,3
295,True,False,False,False,179,26,30,265.017,19,1,0,0,8,10,2
296,True,False,False,False,118,10,37,265.017,28,0,0,0,3,10,2
297,False,False,False,True,369,17,31,265.017,25,0,3,0,8,10,2
298,False,False,False,True,179,51,38,265.017,31,0,0,0,1,10,4
299,True,False,False,False,179,26,30,265.017,19,1,0,0,64,10,4
300,False,False,False,False,235,20,43,265.017,38,0,1,0,0,10,4
301,False,False,True,False,289,36,33,265.017,30,0,2,1,16,10,5
302,False,False,False,True,260,50,36,265.017,23,0,4,0,3,10,6
303,False,False,False,False,235,20,43,265.017,38,0,1,0,0,10,6
304,False,False,False,True,235,20,43,265.017,38,0,1,0,2,10,2
305,False,False,False,True,235,20,43,265.017,38,0,1,0,2,10,2
306,False,False,False,True,118,13,50,265.017,31,0,1,0,1,10,3
307,False,False,False,True,291,31,40,265.017,25,0,1,1,4,10,3
308,False,False,False,True,179,26,30,265.017,19,1,0,0,16,10,5
309,False,False,False,True,118,13,50,265.017,31,0,1,0,1,10,5
310,True,False,False,False,361,52,28,265.017,27,0,1,4,8,10,2
311,False,False,False,False,260,50,36,265.017,23,0,4,0,0,10,3
312,False,False,False,False,291,31,40,265.017,25,0,1,1,0,10,3
313,False,False,False,False,157,27,29,265.017,22,0,0,0,0,10,3
314,True,False,False,False,179,26,30,265.017,19,1,0,0,5,10,4
315,True,False,False,False,179,26,30,265.017,19,1,0,0,5,10,4
316,False,False,False,True,118,13,50,265.017,31,0,1,0,1,10,5
317,True,False,False,False,118,10,37,284.031,28,0,0,0,8,11,0
318,False,False,False,True,248,25,47,284.031,32,0,2,1,2,11,0
319,True,False,False,False,179,51,38,284.031,31,0,0,0,8,11,1
320,False,False,False,True,260,50,36,284.031,23,0,4,0,3,11,4
321,False,False,False,True,291,31,40,284.031,25,0,1,1,1,11,0
322,True,False,False,False,378,49,36,284.031,21,0,2,4,8,11,0
323,True,False,False,False,155,12,34,284.031,25,0,2,0,120,11,0
324,False,False,False,True,235,20,43,284.031,38,0,1,0,8,11,0
325,False,False,False,False,330,16,28,284.031,25,1,0,0,0,11,1
326,False,False,True,False,235,11,37,284.031,29,1,1,1,1,11,2
327,True,False,False,False,118,10,37,284.031,28,0,0,0,3,11,2
328,False,False,False,True,235,11,37,284.031,29,1,1,1,2,11,3
329,False,False,False,True,179,51,38,284.031,31,0,0,0,3,11,3
330,True,False,False,False,246,25,41,284.031,23,0,0,0,8,11,4
331,True,False,False,False,291,31,40,284.031,25,0,1,1,4,11,4
332,True,False,False,False,246,25,41,284.031,23,0,0,0,8,11,0
333,False,False,False,True,179,51,38,284.031,31,0,0,0,1,11,1
334,True,False,False,False,260,50,36,284.031,23,0,4,0,8,11,2
335,False,True,False,False,260,50,36,284.031,23,0,4,0,8,11,4
336,False,False,False,False,378,49,36,284.031,21,0,2,4,0,11,4
337,False,False,False,False,279,5,39,284.031,24,0,2,0,0,11,1
338,False,False,False,True,179,51,38,284.031,31,0,0,0,1,11,3
339,True,False,False,False,225,26,28,236.629,24,0,1,2,3,12,0
340,False,False,False,True,179,51,38,236.629,31,0,0,0,2,12,0
341,False,False,False,True,179,51,38,236.629,31,0,0,0,1,12,0
342,False,False,False,True,235,11,37,236.629,29,1,1,1,3,12,0
343,False,False,False,True,118,13,50,236.629,31,0,1,0,1,12,1
344,False,False,False,True,260,50,36,236.629,23,0,4,0,4,12,4
345,True,False,False,False,246,25,41,236.629,23,0,0,0,8,12,3
346,False,False,False,True,179,51,38,236.629,31,0,0,0,1,12,3
347,False,False,False,True,179,51,38,236.629,31,0,0,0,1,12,4
348,False,False,False,True,179,26,30,236.629,19,1,0,0,1,12,1
349,False,False,False,True,118,10,37,236.629,28,0,0,0,8,12,1
350,False,False,False,True,235,11,37,236.629,29,1,1,1,2,12,3
351,False,False,False,True,179,51,38,236.629,31,0,0,0,1,12,4
352,True,False,False,False,235,20,43,236.629,38,0,1,0,8,12,1
353,True,False,False,False,235,11,37,236.629,29,1,1,1,4,12,1
354,False,False,False,True,260,50,36,236.629,23,0,4,0,8,12,2
355,False,False,False,True,157,27,29,236.629,22,0,0,0,2,12,0
356,False,False,False,True,179,51,38,236.629,31,0,0,0,3,12,0
357,False,False,True,False,289,36,33,236.629,30,0,2,1,8,12,0
358,False,False,False,True,225,26,28,330.061,24,0,1,2,5,1,2
359,False,False,True,False,118,10,37,330.061,28,0,0,0,32,1,0
360,False,False,False,True,155,12,34,330.061,25,0,2,0,2,1,0
361,True,False,False,False,235,11,37,330.061,29,1,1,1,1,1,1
362,False,False,False,True,155,12,34,330.061,25,0,2,0,4,1,1
363,False,False,False,True,289,36,33,330.061,30,0,2,1,8,1,0
364,True,False,False,False,291,31,40,330.061,25,0,1,1,8,1,2
365,False,False,False,True,235,20,43,330.061,38,0,1,0,8,1,0
366,False,False,False,True,118,13,50,330.061,31,0,1,0,4,1,0
367,False,False,False,True,179,51,38,330.061,31,0,0,0,1,1,2
368,False,False,False,True,179,51,38,330.061,31,0,0,0,1,1,4
369,False,False,False,True,118,10,37,251.818,28,0,0,0,2,2,1
370,False,False,False,True,179,51,38,251.818,31,0,0,0,3,2,2
371,True,False,False,False,225,26,28,251.818,24,0,1,2,1,2,2
372,False,False,False,True,289,36,33,251.818,30,0,2,1,3,2,4
373,False,False,False,True,260,50,36,251.818,23,0,4,0,3,2,4
374,False,False,False,True,179,51,38,251.818,31,0,0,0,3,2,4
375,False,False,False,True,179,51,38,251.818,31,0,0,0,2,2,0
376,False,False,False,True,179,51,38,251.818,31,0,0,0,3,2,2
377,True,False,False,False,179,51,38,251.818,31,0,0,0,8,2,3
378,False,False,False,True,246,25,41,251.818,23,0,0,0,8,2,3
379,False,False,False,True,179,51,38,251.818,31,0,0,0,3,2,4
380,False,False,False,True,189,29,33,251.818,25,0,2,2,8,2,0
381,False,False,False,True,179,51,38,251.818,31,0,0,0,3,2,0
382,False,False,False,True,246,25,41,251.818,23,0,0,0,2,2,1
383,False,False,False,True,291,31,40,251.818,25,0,1,1,2,2,1
384,True,False,False,False,157,27,29,251.818,22,0,0,0,16,2,2
385,False,False,False,True,179,51,38,251.818,31,0,0,0,3,2,2
386,False,False,False,True,179,51,38,251.818,31,0,0,0,3,2,4
387,True,False,False,False,246,25,41,251.818,23,0,0,0,24,2,4
388,False,False,False,True,179,51,38,251.818,31,0,0,0,3,2,2
389,False,False,False,True,179,51,38,251.818,31,0,0,0,3,2,4
390,False,False,True,False,118,10,37,244.387,28,0,0,0,8,3,1
391,False,False,True,False,246,25,41,244.387,23,0,0,0,16,3,2
392,False,False,False,True,246,25,41,244.387,23,0,0,0,2,3,4
393,False,False,False,True,260,50,36,244.387,23,0,4,0,4,3,4
394,False,False,False,True,179,51,38,244.387,31,0,0,0,2,3,0
395,False,False,False,True,235,11,37,244.387,29,1,1,1,8,3,0
396,False,False,False,True,179,22,40,244.387,22,1,2,0,8,3,1
397,False,False,False,True,378,49,36,244.387,21,0,2,4,8,3,1
398,False,False,False,True,179,51,38,244.387,31,0,0,0,16,3,0
399,False,False,False,True,361,52,28,244.387,27,0,1,4,8,3,2
400,False,False,False,False,369,17,31,244.387,25,0,3,0,0,3,2
401,False,False,True,False,235,11,37,244.387,29,1,1,1,8,3,3
402,False,False,False,True,118,13,50,244.387,31,0,1,0,2,3,4
403,True,False,False,False,118,13,50,244.387,31,0,1,0,3,3,1
404,True,False,False,False,118,13,50,244.387,31,0,1,0,8,3,2
405,False,False,False,False,235,11,37,244.387,29,1,1,1,0,3,3
406,False,False,False,False,246,25,41,244.387,23,0,0,0,0,3,3
407,False,False,False,False,118,13,50,244.387,31,0,1,0,0,3,3
408,False,False,False,True,179,51,38,244.387,31,0,0,0,8,3,4
409,False,False,False,True,289,36,33,244.387,30,0,2,1,8,3,4
410,False,False,True,False,260,50,36,244.387,23,0,4,0,8,3,0
411,False,False,False,True,246,25,41,244.387,23,0,0,0,2,3,1
412,False,False,False,True,179,51,38,239.409,31,0,0,0,4,4,2
413,False,False,False,True,260,50,36,239.409,23,0,4,0,3,4,4
414,False,False,False,True,330,16,28,239.409,25,1,0,0,4,4,4
415,False,False,False,True,369,17,31,239.409,25,0,3,0,4,4,0
416,False,False,False,True,248,25,47,239.409,32,0,2,1,4,4,0
417,False,False,False,True,330,16,28,239.409,25,1,0,0,8,4,2
418,False,False,False,True,179,51,38,239.409,31,0,0,0,8,4,2
419,False,False,False,True,118,13,50,239.409,31,0,1,0,1,4,0
420,True,False,False,False,118,13,50,239.409,31,0,1,0,120,4,2
421,False,False,False,True,300,26,43,239.409,25,0,2,1,8,4,4
422,False,False,False,True,260,50,36,239.409,23,0,4,0,4,4,4
423,False,False,False,True,179,51,38,239.409,31,0,0,0,4,4,0
424,True,False,False,False,118,10,37,239.409,28,0,0,0,2,4,2
425,True,False,False,False,235,20,43,246.074,38,0,1,0,16,5,0
426,False,False,False,True,248,25,47,246.074,32,0,2,1,2,5,2
427,True,False,False,False,369,17,31,246.074,25,0,3,0,8,5,0
428,False,False,False,True,179,26,30,246.074,19,1,0,0,3,5,2
429,False,False,False,True,179,51,38,246.074,31,0,0,0,4,5,2
430,False,False,False,True,361,52,28,246.074,27,0,1,4,1,5,3
431,False,False,False,True,260,50,36,246.074,23,0,4,0,3,5,4
432,True,False,False,False,179,22,40,246.074,22,1,2,0,2,5,0
433,True,False,False,False,179,22,40,246.074,22,1,2,0,3,5,0
434,False,False,True,False,228,14,58,246.074,22,0,2,1,8,5,2
435,False,False,False,True,225,26,28,246.074,24,0,1,2,3,5,2
436,True,False,False,False,330,16,28,246.074,25,1,0,0,8,5,4
437,False,False,False,True,179,26,30,246.074,19,1,0,0,2,5,0
438,False,False,False,True,118,10,37,246.074,28,0,0,0,1,5,0
439,True,False,False,False,235,11,37,246.074,29,1,1,1,8,5,0
440,False,False,False,True,179,26,30,246.074,19,1,0,0,3,5,2
441,False,False,False,True,118,10,37,253.957,28,0,0,0,3,6,0
442,False,False,False,True,179,51,38,253.957,31,0,0,0,3,6,0
443,False,False,False,True,118,10,37,253.957,28,0,0,0,2,6,1
444,False,False,False,True,225,26,28,253.957,24,0,1,2,4,6,3
445,False,False,False,True,260,50,36,253.957,23,0,4,0,4,6,4
446,False,False,False,False,179,51,38,253.957,31,0,0,0,0,6,4
447,True,False,False,False,291,31,40,253.957,25,0,1,1,40,6,0
448,False,False,False,True,179,51,38,253.957,31,0,0,0,24,6,0
449,False,False,False,True,246,25,41,253.957,23,0,0,0,3,6,1
450,False,False,False,True,179,51,38,253.957,31,0,0,0,4,6,0
451,False,False,False,True,235,20,43,253.957,38,0,1,0,8,6,1
452,False,False,False,True,179,51,38,253.957,31,0,0,0,2,6,0
453,False,False,False,True,225,26,28,253.957,24,0,1,2,2,6,2
454,False,False,False,True,118,13,50,253.957,31,0,1,0,2,6,2
455,True,False,False,False,179,51,38,253.957,31,0,0,0,8,6,2
456,False,False,True,False,179,26,30,253.957,19,1,0,0,2,6,2
457,False,False,False,True,246,25,41,253.957,23,0,0,0,2,6,4
458,True,False,False,False,330,16,28,253.957,25,1,0,0,1,6,1
459,True,False,False,False,235,11,37,253.957,29,1,1,1,8,6,1
460,False,False,False,True,179,26,30,230.29,19,1,0,0,2,7,3
461,False,False,False,True,225,26,28,230.29,24,0,1,2,4,7,3
462,True,False,False,False,260,50,36,230.29,23,0,4,0,8,7,4
463,True,False,False,False,268,11,33,230.29,25,1,0,0,8,7,0
464,False,False,False,True,330,16,28,230.29,25,1,0,0,8,7,4
465,False,False,False,True,118,10,37,230.29,28,0,0,0,8,7,4
466,False,False,False,True,260,50,36,230.29,23,0,4,0,4,7,0
467,False,False,False,True,118,10,37,230.29,28,0,0,0,8,7,1
468,False,True,False,False,300,26,43,230.29,25,0,2,1,8,7,0
469,False,False,False,True,235,29,48,230.29,33,0,1,5,1,7,0
470,False,False,False,True,246,25,41,230.29,23,0,0,0,2,7,1
471,True,False,False,False,225,26,28,230.29,24,0,1,2,112,7,1
472,False,False,False,True,179,51,38,230.29,31,0,0,0,1,7,1
473,False,False,False,True,118,13,50,230.29,31,0,1,0,1,7,4
474,False,False,False,True,361,52,28,230.29,27,0,1,4,8,7,4
475,False,False,False,True,289,36,33,230.29,30,0,2,1,8,7,0
476,False,False,False,True,235,20,43,230.29,38,0,1,0,8,7,0
477,False,False,False,True,246,25,41,230.29,23,0,0,0,2,7,1
478,False,False,False,True,291,31,40,230.29,25,0,1,1,1,7,3
479,False,False,False,True,279,5,39,230.29,24,0,2,0,2,7,3
480,False,False,False,True,179,51,38,249.797,31,0,0,0,4,8,3
481,False,False,False,True,179,22,40,249.797,22,1,2,0,1,8,0
482,False,False,False,True,246,25,41,249.797,23,0,0,0,4,8,1
483,False,False,False,True,118,10,37,249.797,28,0,0,0,4,8,1
484,False,False,False,True,289,36,33,249.797,30,0,2,1,8,8,1
485,False,False,False,True,235,20,43,249.797,38,0,1,0,8,8,1
486,False,False,False,True,291,31,40,249.797,25,0,1,1,4,8,3
487,False,False,False,True,179,51,38,249.797,31,0,0,0,4,8,0
488,False,False,False,True,179,22,40,249.797,22,1,2,0,8,8,1
489,False,False,False,True,330,16,28,249.797,25,1,0,0,16,8,3
490,False,False,False,True,235,11,37,249.797,29,1,1,1,4,8,1
491,False,False,False,True,246,25,41,249.797,23,0,0,0,1,8,1
492,False,False,False,True,118,10,37,249.797,28,0,0,0,5,8,1
493,False,False,False,True,291,31,40,249.797,25,0,1,1,2,8,3
494,False,False,False,True,260,50,36,249.797,23,0,4,0,3,8,0
495,False,False,False,True,246,25,41,261.756,23,0,0,0,1,9,1
496,False,False,False,True,246,25,41,261.756,23,0,0,0,1,9,1
497,False,False,False,True,118,10,37,261.756,28,0,0,0,3,9,1
498,False,False,False,True,155,12,34,261.756,25,0,2,0,2,9,1
499,False,False,False,True,291,31,40,261.756,25,0,1,1,2,9,3
500,False,False,False,True,179,26,30,261.756,19,1,0,0,8,9,4
501,False,False,False,True,248,25,47,261.756,32,0,2,1,1,9,4
502,False,False,False,True,179,51,38,261.756,31,0,0,0,4,9,0
503,False,False,False,True,225,26,28,261.756,24,0,1,2,1,9,2
504,False,False,False,True,179,26,30,261.756,19,1,0,0,2,9,0
505,False,False,False,True,369,17,31,261.756,25,0,3,0,8,9,1
506,False,False,False,True,361,52,28,261.756,27,0,1,4,8,9,1
507,True,False,False,False,289,48,49,284.853,36,0,0,2,1,10,3
508,True,False,False,False,235,16,32,284.853,25,1,0,0,3,10,3
509,False,False,False,True,246,25,41,284.853,23,0,0,0,8,10,4
510,True,False,False,False,289,48,49,284.853,36,0,0,2,3,10,2
511,False,False,False,True,291,31,40,284.853,25,0,1,1,2,10,2
512,False,False,False,True,118,10,37,284.853,28,0,0,0,2,10,1
513,False,False,False,True,289,48,49,284.853,36,0,0,2,2,10,3
514,False,False,False,True,291,31,40,284.853,25,0,1,1,1,10,4
515,False,False,False,True,225,26,28,284.853,24,0,1,2,2,10,1
516,False,False,False,True,369,17,31,284.853,25,0,3,0,8,10,1
517,False,False,False,True,369,17,31,284.853,25,0,3,0,3,10,1
518,False,False,False,True,225,26,28,284.853,24,0,1,2,4,10,1
519,False,False,False,True,369,17,31,284.853,25,0,3,0,8,10,1
520,False,False,False,True,179,51,38,284.853,31,0,0,0,3,10,2
521,True,False,False,False,228,14,58,284.853,22,0,2,1,1,10,2
522,False,False,False,True,291,31,40,284.853,25,0,1,1,1,10,2
523,True,False,False,False,369,17,31,284.853,25,0,3,0,8,10,3
524,True,False,False,False,225,26,28,284.853,24,0,1,2,1,10,3
525,True,False,False,False,369,17,31,284.853,25,0,3,0,8,10,4
526,True,False,False,False,225,26,28,284.853,24,0,1,2,3,10,4
527,False,False,False,True,189,29,33,284.853,25,0,2,2,8,10,6
528,True,False,False,False,235,16,32,284.853,25,1,0,0,8,10,6
529,True,False,False,False,248,25,47,284.853,32,0,2,1,8,10,6
530,False,False,False,False,225,26,28,284.853,24,0,1,2,0,10,6
531,True,False,False,False,225,26,28,284.853,24,0,1,2,3,10,1
532,False,False,True,False,179,51,38,268.519,31,0,0,0,1,11,1
533,False,False,False,True,118,10,37,268.519,28,0,0,0,3,11,2
534,True,False,False,False,330,16,28,268.519,25,1,0,0,24,11,2
535,False,False,False,True,179,51,38,268.519,31,0,0,0,1,11,4
536,True,False,False,False,118,10,37,268.519,28,0,0,0,8,11,1
537,False,False,False,True,289,36,33,268.519,30,0,2,1,8,11,2
538,True,False,False,False,235,16,32,268.519,25,1,0,0,8,11,4
539,False,False,False,True,225,26,28,268.519,24,0,1,2,4,11,4
540,False,False,False,True,361,52,28,268.519,27,0,1,4,8,11,1
541,False,False,False,True,291,31,40,268.519,25,0,1,1,2,11,2
542,True,False,False,False,118,10,37,268.519,28,0,0,0,2,11,3
543,True,False,False,False,225,26,28,268.519,24,0,1,2,3,11,3
544,False,False,False,True,179,51,38,268.519,31,0,0,0,1,11,0
545,False,False,False,True,118,10,37,268.519,28,0,0,0,8,11,0
546,True,False,False,False,118,10,37,268.519,28,0,0,0,8,11,1
547,False,False,False,True,225,26,28,268.519,24,0,1,2,2,11,1
548,False,False,False,False,291,31,40,268.519,25,0,1,1,0,11,1
549,False,False,False,False,289,36,33,268.519,30,0,2,1,0,11,2
550,True,False,False,False,248,25,47,268.519,32,0,2,1,4,11,3
551,False,False,False,False,235,20,43,268.519,38,0,1,0,0,11,3
552,False,False,False,True,225,26,28,268.519,24,0,1,2,2,11,4
553,False,False,False,True,369,17,31,268.519,25,0,3,0,8,11,4
554,False,False,False,True,361,52,28,268.519,27,0,1,4,2,11,0
555,True,False,False,False,179,51,38,280.549,31,0,0,0,32,12,1
556,False,False,False,True,291,31,40,280.549,25,0,1,1,1,12,2
557,False,False,False,True,225,26,28,280.549,24,0,1,2,3,12,2
558,True,False,False,False,179,26,30,280.549,19,1,0,0,1,12,4
559,False,False,False,True,225,26,28,280.549,24,0,1,2,3,12,4
560,False,False,False,True,225,26,28,280.549,24,0,1,2,3,12,2
561,True,False,False,False,361,52,28,280.549,27,0,1,4,4,12,3
562,False,False,True,False,179,22,40,280.549,22,1,2,0,2,12,4
563,False,False,False,True,235,20,43,280.549,38,0,1,0,8,12,4
564,False,False,True,False,233,51,31,280.549,21,1,1,8,8,12,0
565,True,False,False,False,179,26,30,280.549,19,1,0,0,16,12,1
566,False,False,False,True,225,26,28,280.549,24,0,1,2,2,12,1
567,False,False,False,True,225,26,28,280.549,24,0,1,2,3,12,3
568,False,False,False,True,225,26,28,280.549,24,0,1,2,2,12,0
569,False,False,True,False,155,12,34,280.549,25,0,2,0,80,12,1
570,True,False,False,False,179,26,30,313.532,19,1,0,0,24,1,0
571,True,False,False,False,179,26,30,313.532,19,1,0,0,16,1,3
572,False,False,False,True,179,22,40,313.532,22,1,2,0,2,1,3
573,False,False,False,True,179,22,40,313.532,22,1,2,0,2,1,4
574,True,False,False,False,179,26,30,313.532,19,1,0,0,3,1,0
575,False,False,False,True,179,22,40,313.532,22,1,2,0,2,1,2
576,True,False,False,False,289,48,49,313.532,36,0,0,2,8,1,3
577,False,False,True,False,179,22,40,313.532,22,1,2,0,3,1,4
578,False,False,False,True,179,26,30,313.532,19,1,0,0,2,1,0
579,False,False,True,False,155,12,34,313.532,25,0,2,0,8,1,1
580,False,False,False,True,179,26,30,313.532,19,1,0,0,2,1,2
581,False,False,False,True,179,51,38,313.532,31,0,0,0,3,1,2
582,True,False,False,False,289,36,33,313.532,30,0,2,1,8,1,2
583,False,False,False,True,179,51,38,313.532,31,0,0,0,3,1,3
584,False,False,False,True,179,51,38,313.532,31,0,0,0,2,1,4
585,True,False,False,False,179,51,38,264.249,31,0,0,0,8,2,1
586,False,False,False,True,225,26,28,264.249,24,0,1,2,3,2,1
587,True,False,False,False,248,25,47,264.249,32,0,2,1,8,2,2
588,False,False,False,True,179,51,38,264.249,31,0,0,0,2,2,2
589,False,False,False,True,225,26,28,264.249,24,0,1,2,3,2,3
590,False,False,False,True,179,51,38,264.249,31,0,0,0,2,2,3
591,False,False,False,True,179,26,30,264.249,19,1,0,0,2,2,3
592,False,False,False,True,225,15,41,264.249,28,1,2,2,2,2,4
593,False,False,False,True,179,51,38,264.249,31,0,0,0,2,2,4
594,False,False,True,False,233,51,31,264.249,21,1,1,8,2,2,0
595,False,False,False,True,179,51,38,264.249,31,0,0,0,2,2,0
596,True,False,False,False,225,26,28,264.249,24,0,1,2,8,2,1
597,False,False,False,True,179,51,38,264.249,31,0,0,0,3,2,2
598,False,False,False,True,179,51,38,264.249,31,0,0,0,3,2,3
599,False,False,False,True,225,26,28,264.249,24,0,1,2,3,2,3
600,True,False,False,False,179,26,30,264.249,19,1,0,0,2,2,3
601,False,False,False,True,179,22,40,264.249,22,1,2,0,2,2,4
602,False,False,False,True,179,51,38,264.249,31,0,0,0,3,2,4
603,True,False,False,False,233,51,31,264.249,21,1,1,8,3,2,2
604,False,False,False,True,179,26,30,264.249,19,1,0,0,2,2,2
605,False,False,False,True,179,51,38,264.249,31,0,0,0,2,2,2
606,True,False,False,False,179,51,38,264.249,31,0,0,0,8,2,3
607,False,False,False,True,179,51,38,264.249,31,0,0,0,2,2,4
608,False,False,False,True,155,12,34,264.249,25,0,2,0,5,2,0
609,False,False,False,True,235,16,32,264.249,25,1,0,0,3,2,0
610,False,False,False,True,179,51,38,264.249,31,0,0,0,2,2,0
611,True,False,False,False,225,26,28,264.249,24,0,1,2,2,2,0
612,False,False,False,True,179,51,38,264.249,31,0,0,0,2,2,1
613,False,False,False,True,248,25,47,264.249,32,0,2,1,2,2,1
614,False,False,False,True,225,26,28,264.249,24,0,1,2,2,2,1
615,False,False,False,True,179,51,38,264.249,31,0,0,0,2,2,2
616,False,False,False,True,179,51,38,264.249,31,0,0,0,2,2,3
617,False,False,False,True,235,16,32,264.249,25,1,0,0,2,2,4
618,False,False,False,True,179,51,38,222.196,31,0,0,0,2,3,0
619,False,False,False,True,248,25,47,222.196,32,0,2,1,2,3,0
620,False,False,False,True,228,14,58,222.196,22,0,2,1,3,3,1
621,False,False,False,True,248,25,47,222.196,32,0,2,1,3,3,1
622,True,False,False,False,228,14,58,222.196,22,0,2,1,112,3,1
623,False,False,False,True,179,51,38,222.196,31,0,0,0,2,3,2
624,False,False,False,True,225,26,28,222.196,24,0,1,2,2,3,3
625,False,False,False,True,179,51,38,222.196,31,0,0,0,3,3,3
626,False,False,False,True,225,26,28,222.196,24,0,1,2,2,3,3
627,False,False,False,True,179,26,30,222.196,19,1,0,0,3,3,4
628,False,False,False,True,235,16,32,222.196,25,1,0,0,3,3,0
629,False,False,True,False,361,52,28,222.196,27,0,1,4,8,3,0
630,True,False,False,False,179,51,38,222.196,31,0,0,0,8,3,1
631,False,False,False,True,179,51,38,222.196,31,0,0,0,2,3,2
632,False,False,False,True,179,51,38,222.196,31,0,0,0,3,3,3
633,False,False,False,True,179,26,30,222.196,19,1,0,0,2,3,4
634,True,False,False,False,179,51,38,222.196,31,0,0,0,4,3,0
635,True,False,False,False,248,25,47,222.196,32,0,2,1,2,3,0
636,False,False,False,True,179,51,38,222.196,31,0,0,0,3,3,0
637,True,False,False,False,225,26,28,222.196,24,0,1,2,8,3,0
638,False,False,False,True,179,51,38,222.196,31,0,0,0,2,3,1
639,False,False,False,True,289,36,33,222.196,30,0,2,1,8,3,2
640,False,False,False,True,228,14,58,222.196,22,0,2,1,2,3,2
641,False,False,False,True,179,51,38,222.196,31,0,0,0,2,3,2
642,False,False,False,True,248,25,47,222.196,32,0,2,1,3,3,3
643,False,False,False,True,179,51,38,222.196,31,0,0,0,3,3,3
644,False,False,False,True,179,26,30,222.196,19,1,0,0,2,3,4
645,False,False,False,True,179,51,38,222.196,31,0,0,0,3,3,4
646,False,False,False,True,179,51,38,222.196,31,0,0,0,3,3,1
647,False,False,False,True,118,15,46,222.196,25,0,2,0,8,3,2
648,True,False,False,False,155,12,34,222.196,25,0,2,0,24,3,2
649,False,False,False,True,179,51,38,222.196,31,0,0,0,3,3,2
650,False,False,False,True,179,51,38,222.196,31,0,0,0,3,3,3
651,True,False,False,False,179,26,30,222.196,19,1,0,0,2,3,0
652,False,False,True,False,289,36,33,222.196,30,0,2,1,104,3,0
653,False,False,False,True,369,17,31,222.196,25,0,3,0,8,3,2
654,True,False,False,False,225,26,28,246.288,24,0,1,2,8,4,0
655,True,False,False,False,118,10,37,246.288,28,0,0,0,8,4,0
656,False,False,True,False,361,52,28,246.288,27,0,1,4,8,4,1
657,False,False,True,False,248,25,47,246.288,32,0,2,1,8,4,2
658,True,False,False,False,189,29,33,246.288,25,0,2,2,8,4,3
659,False,False,False,True,179,26,30,246.288,19,1,0,0,2,4,4
660,True,False,False,False,369,17,31,246.288,25,0,3,0,24,4,0
661,False,True,False,False,179,22,40,246.288,22,1,2,0,2,4,1
662,False,False,False,True,118,13,50,246.288,31,0,1,0,3,4,1
663,False,False,False,True,361,52,28,246.288,27,0,1,4,2,4,1
664,True,False,False,False,118,10,37,246.288,28,0,0,0,2,4,2
665,False,False,False,True,235,11,37,246.288,29,1,1,1,8,4,4
666,False,False,False,True,179,26,30,246.288,19,1,0,0,2,4,4
667,False,False,True,False,225,26,28,246.288,24,0,1,2,8,4,0
668,False,True,False,False,235,16,32,246.288,25,1,0,0,3,4,1
669,False,False,False,True,179,26,30,246.288,19,1,0,0,2,4,4
670,False,False,False,True,155,12,34,246.288,25,0,2,0,4,4,1
671,False,False,True,False,225,26,28,246.288,24,0,1,2,8,4,3
672,True,False,False,False,118,13,50,246.288,31,0,1,0,2,4,3
673,False,False,False,True,179,26,30,246.288,19,1,0,0,2,4,4
674,False,False,False,True,235,11,37,237.656,29,1,1,1,8,5,0
675,False,False,True,False,225,15,41,237.656,28,1,2,2,3,5,2
676,False,False,False,True,235,16,32,237.656,25,1,0,0,2,5,2
677,True,False,False,False,118,10,37,237.656,28,0,0,0,3,5,2
678,False,False,False,True,235,20,43,237.656,38,0,1,0,8,5,2
679,True,False,False,False,179,26,30,237.656,19,1,0,0,1,5,3
680,False,False,False,True,291,31,40,237.656,25,0,1,1,2,5,3
681,True,False,False,False,225,15,41,237.656,28,1,2,2,8,5,3
682,False,False,True,False,300,26,43,237.656,25,0,2,1,64,5,4
683,False,False,False,True,225,15,41,237.656,28,1,2,2,8,5,4
684,False,False,False,True,179,26,30,237.656,19,1,0,0,2,5,4
685,False,False,False,True,118,13,50,237.656,31,0,1,0,2,5,0
686,True,False,False,False,118,13,50,237.656,31,0,1,0,3,5,1
687,False,False,False,True,118,10,37,237.656,28,0,0,0,1,5,1
688,False,False,False,False,118,13,50,237.656,31,0,1,0,0,5,1
689,False,False,False,True,179,26,30,237.656,19,1,0,0,2,5,2
690,False,False,False,False,378,49,36,237.656,21,0,2,4,0,5,2
691,False,True,False,False,179,22,40,237.656,22,1,2,0,1,5,4
692,True,False,False,False,155,12,34,237.656,25,0,2,0,48,5,0
693,True,False,False,False,235,16,32,237.656,25,1,0,0,8,5,0
694,False,False,False,True,291,31,40,237.656,25,0,1,1,8,5,2
695,True,False,False,False,179,22,40,237.656,22,1,2,0,8,5,2
696,True,False,False,False,225,26,28,237.656,24,0,1,2,3,5,2
697,True,False,False,False,330,16,28,237.656,25,1,0,0,8,5,3
698,False,False,False,True,235,16,32,237.656,25,1,0,0,2,5,3
699,False,False,False,True,291,31,40,237.656,25,0,1,1,2,5,3
